<manifest code="complex">
  <data>
    <code>complex</code>
    <version/>
  </data>
  <sobject expression="@SOBJECT(sthpw/project['code','complex'])" search_type="sthpw/project" unique="true"/>
  <sobject expression="@SOBJECT(sthpw/project['code','complex'].sthpw/project_type)" search_type="sthpw/project_type" unique="true"/>
  <sobject expression="@SOBJECT(sthpw/schema['code','complex'])" search_type="sthpw/schema" unique="true"/>
  <search_type code="complex/2d_animatic"/>
  <search_type code="complex/3d_animatic"/>
  <search_type code="complex/act"/>
  <search_type code="complex/application"/>
  <search_type code="complex/chars"/>
  <search_type code="complex/compose"/>
  <search_type code="complex/props"/>
  <search_type code="complex/reference"/>
  <search_type code="complex/scenes"/>
  <search_type code="complex/script"/>
  <search_type code="complex/sequence"/>
  <search_type code="complex/sets"/>
  <search_type code="complex/shot"/>
  <search_type code="complex/sourcetex"/>
  <search_type code="complex/stage"/>
  <search_type code="complex/storyboard"/>
  <search_type code="complex/textures"/>
  <search_type code="complex/vfx"/>
  <sobject search_type="config/custom_script" seq_max="2"/>
  <sobject search_type="config/widget_config" seq_max="97"/>
  <sobject search_type="config/naming" seq_max="29"/>
  <sobject search_type="config/client_trigger" seq_max="1"/>
  <sobject search_type="config/process" seq_max="125"/>
  <sobject search_type="config/trigger" seq_max="2"/>
  <sobject search_type="config/url" seq_max="1"/>
  <sobject expression="@SOBJECT(sthpw/login_group['project_code','complex'])" search_type="sthpw/login_group" unique="true"/>
  <sobject expression="@SOBJECT(sthpw/pipeline['project_code','complex'])" search_type="sthpw/pipeline" unique="true"/>
  <sobject expression="@SOBJECT(sthpw/notification['project_code','complex'])" search_type="sthpw/notification"/>
</manifest>
