<manifest code="cgshort">
  <data>
    <code>cgshort</code>
    <version/>
  </data>
  <sobject expression="@SOBJECT(sthpw/project['code','cgshort'])" search_type="sthpw/project" unique="true"/>
  <sobject expression="@SOBJECT(sthpw/project['code','cgshort'].sthpw/project_type)" search_type="sthpw/project_type" unique="true"/>
  <sobject expression="@SOBJECT(sthpw/schema['code','cgshort'])" search_type="sthpw/schema" unique="true"/>
  <search_type code="cgshort/animatic"/>
  <search_type code="cgshort/art"/>
  <search_type code="cgshort/characters"/>
  <search_type code="cgshort/cloth"/>
  <search_type code="cgshort/dynamics"/>
  <search_type code="cgshort/fluids"/>
  <search_type code="cgshort/montage"/>
  <search_type code="cgshort/photo"/>
  <search_type code="cgshort/precompose"/>
  <search_type code="cgshort/props"/>
  <search_type code="cgshort/scenes"/>
  <search_type code="cgshort/script"/>
  <search_type code="cgshort/sequence"/>
  <search_type code="cgshort/sets"/>
  <search_type code="cgshort/shaders"/>
  <search_type code="cgshort/shot"/>
  <search_type code="cgshort/storyboard"/>
  <search_type code="cgshort/textures"/>
  <search_type code="cgshort/vfx"/>
  <sobject search_type="config/custom_script" seq_max="-1"/>
  <sobject search_type="config/widget_config" seq_max="-1"/>
  <sobject search_type="config/naming" seq_max="-1"/>
  <sobject search_type="config/client_trigger" seq_max="-1"/>
  <sobject search_type="config/process" seq_max="-1"/>
  <sobject search_type="config/trigger" seq_max="-1"/>
  <sobject search_type="config/url" seq_max="-1"/>
  <sobject expression="@SOBJECT(sthpw/login_group['project_code','cgshort'])" search_type="sthpw/login_group" unique="true"/>
  <sobject expression="@SOBJECT(sthpw/pipeline['project_code','cgshort'])" search_type="sthpw/pipeline" unique="true"/>
  <sobject expression="@SOBJECT(sthpw/notification['project_code','cgshort'])" search_type="sthpw/notification"/>
</manifest>
